순위,곡명,가수,앨범
1,사랑은 늘 도망가,임영웅,신사와 아가씨 OST Part.2
2,취중고백,김민석 (멜로망스),취중고백
3,호랑수월가,탑현,호랑수월가
4,Step Back,GOT the beat,Step Back
5,ELEVEN,IVE (아이브),ELEVEN
6,"회전목마 (Feat. Zion.T, 원슈타인) (Prod. Slom)",sokodomo,쇼미더머니 10 Episode 2
7,리무진 (Feat. MINO) (Prod. GRAY),BE'O (비오),쇼미더머니 10 Episode 3
8,Counting Stars (Feat. Beenzino),BE'O (비오),Counting Stars
9,Dreams Come True,aespa,Dreams Come True - SM STATION
10,눈이 오잖아(Feat.헤이즈),이무진,눈이 오잖아(Feat.헤이즈)
11,다정히 내 이름을 부르면,경서예지,다정히 내 이름을 부르면 (경서예지 x 전건호)
12,Can't Control Myself,태연 (TAEYEON),Can't Control Myself
13,SMILEY (Feat. BIBI),YENA (최예나),ˣ‿ˣ (SMiLEY)
14,겨울잠,아이유,조각집
15,이제 나만 믿어요,임영웅,내일은 미스터트롯 우승자 특전곡
16,STAY,The Kid LAROI,Stay
17,Next Level,aespa,Next Level
18,strawberry moon,아이유,strawberry moon
19,신호등,이무진,신호등
20,만남은 쉽고 이별은 어려워 (Feat. Leellamarz) (Prod. TOIL),베이식 (Basick),쇼미더머니 10 Episode 3
21,Savage,aespa,Savage - The 1st Mini Album
22,다시 사랑한다면 (김필 Ver.),임영웅,사랑의 콜센타 PART56
23,Christmas Tree,V,그 해 우리는 OST Part.5
24,그대라는 사치,임영웅,사랑의 콜센타 PART62
25,드라마,아이유,조각집
26,별빛 같은 나의 사랑아,임영웅,별빛 같은 나의 사랑아
27,우리가 헤어져야 했던 이유,비비 (BIBI),그 해 우리는 OST Part.2
28,잊었니,임영웅,사랑의 콜센타 PART60
29,서랍,10CM,그 해 우리는 OST Part.1
30,언덕나무,이승윤,그 해 우리는 OST Part.7
31,Butter,방탄소년단,Butter
32,HERO,임영웅,HERO
33,흰눈,먼데이 키즈 (Monday Kiz),흰눈
34,너를 생각해,주시크 (Joosiq),너를 생각해
35,abcdefu,GAYLE,abcdefu
36,끝사랑,임영웅,사랑의 콜센타 PART61
37,문득,BE'O (비오),Bipolar
38,OHAYO MY NIGHT,디핵 (D-Hack),OHAYO MY NIGHT
39,Dynamite,방탄소년단,Dynamite (DayTime Version)
40,너 아니면 안돼,먼데이 키즈 (Monday Kiz),너 아니면 안돼
41,Permission to Dance,방탄소년단,Butter / Permission to Dance
42,바라만 본다,MSG워너비(M.O.M),MSG워너비 1집
43,네가 없는 밤 (Feat. ASH ISLAND) (Prod. GRAY),BE'O (비오),쇼미더머니 10 Final
44,Bk Love,임영웅,뽕숭아학당 PART23
45,Weekend,태연 (TAEYEON),Weekend
46,My Universe,Coldplay,My Universe
47,불협화음 (Feat. AKMU) (Prod. GRAY),Mudd the student,쇼미더머니 10 Semi Final
48,Celebrity,아이유,IU 5th Album 'LILAC'
49,사랑이 아니었다고 말하지 마요,이예준,사랑이 아니었다고 말하지 마요
50,낙하 (with 아이유),AKMU (악뮤),NEXT EPISODE
